Name,Tag,Rank,OrgName
Lithium-Admin,@Lithium-Admin,Occasional Reader,
georgi-li,@georgi-li,Occasional Reader,
colleen_johnson,@colleen_johnson,Occasional Reader,
formermember1,@formermember1,Copper Contributor,
annchu,@annchu,Copper Contributor,
Lilly Price,@lillyp,Copper Contributor,
FormerMember,@FormerMember,Brass Contributor,
Jonathan Wishart,@LiJonW,Copper Contributor,
medford,@medford,Copper Contributor,
Adam Nichols,@Adam Nichols,Occasional Reader,
Anna Chu,@Anna Chu,Microsoft,Microsoft
Michael Holste,@Michael Holste,Microsoft,Microsoft
Moderator One,@Moderator One,Brass Contributor,
Jonathan Wishart,@Jonathan Wishart,Former Employee,Khoros
MPN UAT GOLD,@MPN,Occasional Reader,
Catlyn Johnson,@cat_johnson,Occasional Reader,
Jen Jackson,@jen_jackson,Occasional Reader,
Jon Wishart,@Jon Wishart,Copper Contributor,
Michael Holste,@Michael Holste,Copper Contributor,
Gavin Barron,@Gavin Barron,Former Employee,
Anna Chu,@Anna Chu,Copper Contributor,
Madeline Egan,@Madeline Egan,Copper Contributor,Microsoft
Jeff Medford,@Jeff Medford,Microsoft,Microsoft
Madeline Egan,@Madeline Egan,Copper Contributor,
xavier jimenez,@xavier jimenez,Copper Contributor,juniperflats.io
formermember1,@formermember1,Brass Contributor,
Kevin Kendall,@Kevin Kendall,Occasional Reader,Lithium
Jennifer Ann Mason,@Jennifer Ann Mason,Copper Contributor,Planet Technologies
Ruven Gotz,@Ruven Gotz,Iron Contributor,Avanade
Thomas Palmié,@Thomas Palmié,Microsoft,
Laura Rogers,@Laura Rogers,MVP,IW Mentor
Corey Roth,@Corey Roth,MVP,tyGraph
Mikael Svenson,@Mikael Svenson,Steel Contributor,Microsoft - FAST
Ivan Bondy,@Ivan Bondy,Microsoft,Microsoft
John White,@John White,MVP,UnlimitedViz
John White,@John White,MVP,UnlimitedViz
Susan Hanley,@Susan Hanley,MVP,Susan Hanley LLC
André Vala,@André Vala,Copper Contributor,Pestana Hotel Group
Cathy Dew,@Cathy Dew,Copper Contributor,Microsoft
Michael Blumenthal,@Michael Blumenthal,MVP,NORC
David Petree,@davidpetree1,Iron Contributor,AppRiver
Doug Hemminger,@Doug Hemminger,Copper Contributor,SPR Consulting
Mark Rackley,@Mark Rackley,MVP,PAIT Group
David Drever,@David Drever,MVP,Protiviti
Paul Hunt - Cimares,@Paul Hunt - Cimares,MVP,Trustmarque Ltd
Angus Florance,@Angus Florance,Microsoft,Microsoft
Jeff Guillet,@Jeff Guillet,MVP,EXPTA Consulting
Amy Dolzine,@Amy Dolzine,MVP,EY
Nuno Árias Silva,@Nuno Silva,MVP,MVP Office Apps and Services
Hans Brender,@Hans Brender,MVP,HBsoft
Nathan Barnett,@Nathan Barnett,Former Employee,Microsoft
Naomi Moneypenny,@Naomi Moneypenny,Steel Contributor,ManyWorlds
Christian Buckley,@Christian Buckley,MVP,Rencore
Tom Kretzmer,@Tom Kretzmer,Bronze Contributor,Westinghouse Electric Company
Tom Resing,@Tom Resing,Microsoft,Microsoft
Darrell Webster,@Darrell Webster,MVP,Modern Work Mentor
Vasil Michev,@Vasil Michev,MVP,CoreView
Martina Grom,@Martina Grom,MVP,atwork.at
Juan Carlos González Martín,@Juan Carlos González Martín,MVP,CompartiMOSS
Daniel Wessels,@Daniel Wessels,MVP,deroso Solutions GmbH
Pavan Tapadia,@Pavan Tapadia,Former Employee,
Steve Goodman,@Steve Goodman,MVP,Content and Code
Tony Redmond,@Tony Redmond,MVP,Redmond & Associates
Tiago Costa,@Tiago Costa,MVP,Independent Contractor
Elaine van Bergen,@Elaine van Bergen,Copper Contributor,
Christophe Fiessinger,@Christophe Fiessinger,Microsoft,Microsoft
Brian Smith,@Brian Smith,Microsoft,Microsoft Corp
Paul Cunningham,@Paul Cunningham,Steel Contributor,
Nathan Penner,@Nathan Penner,Former Employee,
S Terry,@Simon Terry,MVP,Change Agents Worldwide
Alistair Speirs,@Alistair Speirs,Microsoft,Microsoft Azure
Kady Dundas,@Kady Dundas,Former Employee,Microsoft Corporation
Damian Scoles,@Damian Scoles,MVP,Netrix  LLC
Diane Poremsky,@Diane Poremsky,MVP,Slipstick Systems
Ragnar Heil,@Ragnar Heil,Former Employee,Microsoft Corp
Mario Cortes Flores,@Mario Cortes Flores,Occasional Reader,
Konrad Sagała,@Konrad Sagała,Copper Contributor,APN Promise S.A.
Hakim Taoussi,@Hakim Taoussi,MVP,Insight
Ben Robb,@Ben Robb,Occasional Reader,
Karl Harriau,@Karl Harriau,Microsoft,Microsoft
Simon Denton,@Simon Denton,MVP,Mott MacDonald
Marc Anderson,@Marc Anderson,MVP,Sympraxis Consulting LLC
Marta Texidor Mendez de Vigo,@Marta Texidor Mendez de Vigo,Microsoft,Microsoft
Jamie Stark,@Jamie Stark,Microsoft,Microsoft
Andy David,@Andy David,MVP,
Sébastien Levert,@Sébastien Levert,MVP,
Michael Kophs,@Michael Kophs,Microsoft,Worldwide Learning
Olaf Hubel,@Olaf Hubel,Former Employee,Microsoft
Sean Wilson,@Sean Wilson,Former Employee,Microsoft
Kim Kischel,@Kim Kischel,Occasional Reader,
Laurie Pottmeyer,@Laurie Pottmeyer,Microsoft,Microsoft
Nath Manley,@Nath Manley,Former Employee,
Bill Kaupp,@Bill Kaupp,Microsoft,Teams Supportability
Mark Kashman,@Mark Kashman,Microsoft,Microsoft
Chris McNulty,@Chris McNulty,Microsoft,Microsoft
Chris McNulty,@Chris McNulty,Occasional Reader,
Caroline Goles,@Caroline Goles,Former Employee,Microsoft
